{"cameraMode":{"drawMode":0,"name":"Shaded","section":"Shading Mode"},"sceneLighting":false,"audioPlay":false,"sceneViewState":{"showFog":true,"showMaterialUpdate":false,"showSkybox":true,"showFlares":true,"showImageEffects":true,"showParticleSystems":true},"in2DMode":false,"pivot":{"x":21.80841636657715,"y":1.1514252424240113,"z":-21.072124481201173},"rotation":{"x":-0.035562898963689807,"y":0.6688302159309387,"z":-0.031792957335710528,"w":-0.7419242262840271},"size":0.3139353394508362,"orthographic":false}